,Producto,Rolling Forecast RMSE,RMSE
0,FRU0046,22.92067064588519,525.3571428571429
1,FRU0046,22.92067064588519,525.3571428571429
