,Producto,Rolling Forecast RMSE,RMSE
0,VER0049,1.2817398889233114,1.6428571428571428
